{"cameraMode":{"drawMode":0,"name":"Shaded","section":"Shading Mode"},"sceneLighting":false,"audioPlay":false,"sceneViewState":{"showFog":true,"showMaterialUpdate":false,"showSkybox":false,"showFlares":true,"showImageEffects":true,"showParticleSystems":true},"in2DMode":false,"pivot":{"x":132.8042755126953,"y":9.490046501159668,"z":78.98130798339844},"rotation":{"x":-0.3086574375629425,"y":0.3239441215991974,"z":-0.11270275712013245,"w":-0.8871811032295227},"size":7.765213966369629,"orthographic":false}