{"cameraMode":{"drawMode":0,"name":"Shaded","section":"Shading Mode"},"sceneLighting":true,"audioPlay":false,"sceneViewState":{"showFog":true,"showMaterialUpdate":false,"showSkybox":true,"showFlares":true,"showImageEffects":true,"showParticleSystems":true},"in2DMode":false,"pivot":{"x":3.8388824462890627,"y":-5.757820129394531,"z":3.760211944580078},"rotation":{"x":0.18428462743759156,"y":-0.8119945526123047,"z":0.3460829555988312,"w":0.4323749542236328},"size":23.012653350830079,"orthographic":false}